[
  {
    "_id": "73fe0360-784a-11e8-b250-dbc9820bcf81",
    "_type": "dashboard",
    "_source": {
      "title": "dashboard-node",
      "hits": 0,
      "description": "",
      "panelsJSON": "[{\"col\":7,\"id\":\"997b00f0-7842-11e8-a53d-5dd225fee8e4\",\"panelIndex\":3,\"row\":4,\"size_x\":3,\"size_y\":3,\"type\":\"visualization\"},{\"col\":1,\"id\":\"9b3010b0-75e1-11e8-b816-f19106267284\",\"panelIndex\":4,\"row\":1,\"size_x\":7,\"size_y\":3,\"type\":\"visualization\"},{\"col\":10,\"id\":\"16d674b0-7845-11e8-a53d-5dd225fee8e4\",\"panelIndex\":5,\"row\":4,\"size_x\":3,\"size_y\":3,\"type\":\"visualization\"},{\"col\":1,\"id\":\"94bb4d70-75ba-11e8-a302-d7f632c15541\",\"panelIndex\":7,\"row\":7,\"size_x\":12,\"size_y\":4,\"type\":\"visualization\"},{\"col\":8,\"id\":\"e4de15f0-75f4-11e8-a4b7-4fb941635fdf\",\"panelIndex\":8,\"row\":1,\"size_x\":5,\"size_y\":3,\"type\":\"visualization\"},{\"col\":1,\"id\":\"87efd6d0-784c-11e8-b250-dbc9820bcf81\",\"panelIndex\":10,\"row\":4,\"size_x\":6,\"size_y\":3,\"type\":\"visualization\"}]",
      "optionsJSON": "{\"darkTheme\":false}",
      "uiStateJSON": "{\"P-7\":{\"vis\":{\"params\":{\"sort\":{\"columnIndex\":null,\"direction\":null}}}},\"P-8\":{\"vis\":{\"defaultColors\":{\"0 - 100\":\"rgb(0,104,55)\"}}}}",
      "version": 1,
      "timeRestore": false,
      "kibanaSavedObjectMeta": {
        "searchSourceJSON": "{\"filter\":[{\"$state\":{\"store\":\"appState\"},\"meta\":{\"alias\":null,\"apply\":true,\"disabled\":false,\"index\":\"gatewaysamples\",\"key\":\"serverID.keyword\",\"negate\":false,\"value\":\"GISServicesServer-zsj\"},\"query\":{\"match\":{\"serverID.keyword\":{\"query\":\"GISServicesServer-zsj\",\"type\":\"phrase\"}}}},{\"query\":{\"query_string\":{\"analyze_wildcard\":true,\"query\":\"*\"}}}],\"highlightAll\":true,\"version\":true}"
      }
    }
  },
  {
    "_id": "c3a92650-7841-11e8-8dd1-27edc2c1e2a3",
    "_type": "dashboard",
    "_source": {
      "title": "dashboard-all",
      "hits": 0,
      "description": "",
      "panelsJSON": "[{\"col\":9,\"id\":\"62fc8630-75e4-11e8-b816-f19106267284\",\"panelIndex\":7,\"row\":3,\"size_x\":4,\"size_y\":2,\"type\":\"visualization\"},{\"col\":1,\"id\":\"94bb4d70-75ba-11e8-a302-d7f632c15541\",\"panelIndex\":9,\"row\":11,\"size_x\":12,\"size_y\":4,\"type\":\"visualization\"},{\"col\":9,\"id\":\"e4de15f0-75f4-11e8-a4b7-4fb941635fdf\",\"panelIndex\":10,\"row\":1,\"size_x\":4,\"size_y\":2,\"type\":\"visualization\"},{\"col\":1,\"id\":\"5bcc8210-75e5-11e8-b816-f19106267284\",\"panelIndex\":11,\"row\":8,\"size_x\":6,\"size_y\":3,\"type\":\"visualization\"},{\"col\":7,\"id\":\"37cc1690-75e6-11e8-b816-f19106267284\",\"panelIndex\":12,\"row\":8,\"size_x\":6,\"size_y\":3,\"type\":\"visualization\"},{\"col\":1,\"id\":\"64e7cd80-75ba-11e8-a302-d7f632c15541\",\"panelIndex\":18,\"row\":1,\"size_x\":8,\"size_y\":4,\"type\":\"visualization\"},{\"col\":1,\"id\":\"9b3010b0-75e1-11e8-b816-f19106267284\",\"panelIndex\":19,\"row\":5,\"size_x\":6,\"size_y\":3,\"type\":\"visualization\"},{\"col\":7,\"id\":\"87efd6d0-784c-11e8-b250-dbc9820bcf81\",\"panelIndex\":20,\"row\":5,\"size_x\":6,\"size_y\":3,\"type\":\"visualization\"}]",
      "optionsJSON": "{\"darkTheme\":false}",
      "uiStateJSON": "{\"P-11\":{\"vis\":{\"colors\":{\"200\":\"#64B0C8\"}}},\"P-12\":{\"vis\":{\"colors\":{\"GET\":\"#508642\"}}},\"P-9\":{\"vis\":{\"params\":{\"sort\":{\"columnIndex\":null,\"direction\":null}}}},\"P-10\":{\"vis\":{\"defaultColors\":{\"0 - 100\":\"rgb(0,104,55)\"}}},\"P-7\":{\"vis\":{\"defaultColors\":{\"0 - 100\":\"rgb(0,104,55)\"}}}}",
      "version": 1,
      "timeRestore": false,
      "kibanaSavedObjectMeta": {
        "searchSourceJSON": "{\"filter\":[{\"query\":{\"query_string\":{\"analyze_wildcard\":true,\"query\":\"*\"}}}],\"highlightAll\":true,\"version\":true}"
      }
    }
  },
  {
    "_id": "8402cbb0-75bb-11e8-a302-d7f632c15541",
    "_type": "visualization",
    "_source": {
      "title": "统计响应码所回应的请求页面分布图（alter）",
      "visState": "{\"title\":\"统计响应码所回应的请求页面分布图（alter）\",\"type\":\"pie\",\"params\":{\"addTooltip\":true,\"addLegend\":true,\"legendPosition\":\"right\",\"isDonut\":false},\"aggs\":[{\"id\":\"1\",\"enabled\":true,\"type\":\"count\",\"schema\":\"metric\",\"params\":{}},{\"id\":\"2\",\"enabled\":true,\"type\":\"terms\",\"schema\":\"split\",\"params\":{\"field\":\"responseCode\",\"size\":5,\"order\":\"desc\",\"orderBy\":\"1\",\"row\":false}},{\"id\":\"3\",\"enabled\":true,\"type\":\"terms\",\"schema\":\"segment\",\"params\":{\"field\":\"requestURI.keyword\",\"size\":5,\"order\":\"desc\",\"orderBy\":\"1\"}}],\"listeners\":{}}",
      "uiStateJSON": "{\"spy\":{\"mode\":{\"name\":null,\"fill\":false}}}",
      "description": "",
      "version": 1,
      "kibanaSavedObjectMeta": {
        "searchSourceJSON": "{\"index\":\"AWRKUfXQLYiKep3spljG\",\"query\":{\"query_string\":{\"query\":\"*\",\"analyze_wildcard\":true}},\"filter\":[]}"
      }
    }
  },
  {
    "_id": "37cc1690-75e6-11e8-b816-f19106267284",
    "_type": "visualization",
    "_source": {
      "title": "请求类型统计",
      "visState": "{\"title\":\"请求类型统计\",\"type\":\"pie\",\"params\":{\"addTooltip\":true,\"addLegend\":true,\"legendPosition\":\"right\",\"isDonut\":true},\"aggs\":[{\"id\":\"1\",\"enabled\":true,\"type\":\"count\",\"schema\":\"metric\",\"params\":{}},{\"id\":\"2\",\"enabled\":true,\"type\":\"terms\",\"schema\":\"segment\",\"params\":{\"field\":\"method.keyword\",\"size\":5,\"order\":\"desc\",\"orderBy\":\"1\",\"customLabel\":\"请求类型统计\"}}],\"listeners\":{}}",
      "uiStateJSON": "{}",
      "description": "",
      "version": 1,
      "kibanaSavedObjectMeta": {
        "searchSourceJSON": "{\"index\":\"AWRKUfXQLYiKep3spljG\",\"query\":{\"query_string\":{\"query\":\"*\",\"analyze_wildcard\":true}},\"filter\":[]}"
      }
    }
  },
  {
    "_id": "949ff1e0-75e9-11e8-b1fc-b7eebd6f58c0",
    "_type": "visualization",
    "_source": {
      "title": "各个时间段节点平均响应时间对比（alter）",
      "visState": "{\"title\":\"各个时间段节点平均响应时间对比（alter）\",\"type\":\"histogram\",\"params\":{\"addTooltip\":true,\"addLegend\":true,\"legendPosition\":\"bottom\",\"scale\":\"linear\",\"mode\":\"grouped\",\"times\":[],\"addTimeMarker\":false,\"defaultYExtents\":false,\"setYExtents\":false},\"aggs\":[{\"id\":\"1\",\"enabled\":true,\"type\":\"avg\",\"schema\":\"metric\",\"params\":{\"field\":\"costTime\",\"customLabel\":\"平均响应时间\"}},{\"id\":\"2\",\"enabled\":true,\"type\":\"date_histogram\",\"schema\":\"segment\",\"params\":{\"field\":\"accessTime\",\"interval\":\"auto\",\"customInterval\":\"2h\",\"min_doc_count\":1,\"extended_bounds\":{}}},{\"id\":\"3\",\"enabled\":true,\"type\":\"terms\",\"schema\":\"group\",\"params\":{\"field\":\"serverID.keyword\",\"size\":10,\"order\":\"desc\",\"orderBy\":\"1\",\"customLabel\":\"\"}}],\"listeners\":{}}",
      "uiStateJSON": "{\"vis\":{\"colors\":{\"Average costTime\":\"#629E51\"}}}",
      "description": "",
      "version": 1,
      "kibanaSavedObjectMeta": {
        "searchSourceJSON": "{\"index\":\"AWRKUfXQLYiKep3spljG\",\"query\":{\"query_string\":{\"query\":\"*\",\"analyze_wildcard\":true}},\"filter\":[]}"
      }
    }
  },
  {
    "_id": "142294f0-75f8-11e8-9240-7730bc4ce3bf",
    "_type": "visualization",
    "_source": {
      "title": "各个时间段节点服务的访问数量（折线图）（alter）",
      "visState": "{\"title\":\"各个时间段节点服务的访问数量（折线图）（alter）\",\"type\":\"line\",\"params\":{\"addTooltip\":true,\"addLegend\":true,\"legendPosition\":\"right\",\"showCircles\":true,\"interpolate\":\"linear\",\"scale\":\"linear\",\"drawLinesBetweenPoints\":true,\"radiusRatio\":9,\"times\":[],\"addTimeMarker\":false,\"defaultYExtents\":false,\"setYExtents\":false,\"orderBucketsBySum\":false},\"aggs\":[{\"id\":\"1\",\"enabled\":true,\"type\":\"count\",\"schema\":\"metric\",\"params\":{\"customLabel\":\"节点服务的访问数量\"}},{\"id\":\"2\",\"enabled\":true,\"type\":\"date_histogram\",\"schema\":\"segment\",\"params\":{\"field\":\"accessTime\",\"interval\":\"auto\",\"customInterval\":\"2h\",\"min_doc_count\":1,\"extended_bounds\":{},\"customLabel\":\"\"}},{\"id\":\"3\",\"enabled\":true,\"type\":\"terms\",\"schema\":\"group\",\"params\":{\"field\":\"serverID.keyword\",\"size\":100,\"order\":\"desc\",\"orderBy\":\"1\"}}],\"listeners\":{}}",
      "uiStateJSON": "{}",
      "description": "",
      "version": 1,
      "kibanaSavedObjectMeta": {
        "searchSourceJSON": "{\"index\":\"AWRKUfXQLYiKep3spljG\",\"query\":{\"query_string\":{\"query\":\"*\",\"analyze_wildcard\":true}},\"filter\":[]}"
      }
    }
  },
  {
    "_id": "303ec880-75ed-11e8-b1fc-b7eebd6f58c0",
    "_type": "visualization",
    "_source": {
      "title": "各个时间段的访问热度图",
      "visState": "{\"title\":\"各个时间段的访问热度图\",\"type\":\"heatmap\",\"params\":{\"addTooltip\":true,\"addLegend\":true,\"enableHover\":false,\"legendPosition\":\"right\",\"times\":[],\"colorsNumber\":4,\"colorSchema\":\"Greens\",\"setColorRange\":false,\"colorsRange\":[],\"invertColors\":false,\"percentageMode\":false,\"valueAxes\":[{\"show\":false,\"id\":\"ValueAxis-1\",\"type\":\"value\",\"scale\":{\"type\":\"linear\",\"defaultYExtents\":false},\"labels\":{\"show\":false,\"rotate\":0,\"color\":\"#555\"}}]},\"aggs\":[{\"id\":\"1\",\"enabled\":true,\"type\":\"count\",\"schema\":\"metric\",\"params\":{}},{\"id\":\"2\",\"enabled\":true,\"type\":\"date_histogram\",\"schema\":\"segment\",\"params\":{\"field\":\"accessTime\",\"interval\":\"auto\",\"customInterval\":\"2h\",\"min_doc_count\":1,\"extended_bounds\":{}}},{\"id\":\"3\",\"enabled\":true,\"type\":\"terms\",\"schema\":\"group\",\"params\":{\"field\":\"serverID.keyword\",\"size\":100,\"order\":\"desc\",\"orderBy\":\"1\"}}],\"listeners\":{}}",
      "uiStateJSON": "{\"vis\":{\"defaultColors\":{\"0 - 6\":\"rgb(247,252,245)\",\"6 - 12\":\"rgb(199,233,192)\",\"12 - 18\":\"rgb(116,196,118)\",\"18 - 24\":\"rgb(35,139,69)\"}}}",
      "description": "",
      "version": 1,
      "kibanaSavedObjectMeta": {
        "searchSourceJSON": "{\"index\":\"AWRKUfXQLYiKep3spljG\",\"query\":{\"query_string\":{\"query\":\"*\",\"analyze_wildcard\":true}},\"filter\":[]}"
      }
    }
  },
  {
    "_id": "d1bd5780-784a-11e8-b250-dbc9820bcf81",
    "_type": "visualization",
    "_source": {
      "title": "节点请求平均响应时间（折线图）",
      "visState": "{\"title\":\"节点请求平均响应时间（折线图）\",\"type\":\"line\",\"params\":{\"addTooltip\":true,\"addLegend\":true,\"legendPosition\":\"right\",\"showCircles\":true,\"interpolate\":\"linear\",\"scale\":\"linear\",\"drawLinesBetweenPoints\":true,\"radiusRatio\":9,\"times\":[],\"addTimeMarker\":false,\"defaultYExtents\":false,\"setYExtents\":false},\"aggs\":[{\"id\":\"1\",\"enabled\":true,\"type\":\"avg\",\"schema\":\"metric\",\"params\":{\"field\":\"costTime\",\"customLabel\":\"平均响应时间（ms）\"}},{\"id\":\"2\",\"enabled\":true,\"type\":\"date_histogram\",\"schema\":\"segment\",\"params\":{\"field\":\"accessTime\",\"interval\":\"auto\",\"customInterval\":\"2h\",\"min_doc_count\":1,\"extended_bounds\":{}}}],\"listeners\":{}}",
      "uiStateJSON": "{}",
      "description": "",
      "version": 1,
      "kibanaSavedObjectMeta": {
        "searchSourceJSON": "{\"index\":\"AWRKUfXQLYiKep3spljG\",\"query\":{\"query_string\":{\"query\":\"*\",\"analyze_wildcard\":true}},\"filter\":[]}"
      }
    }
  },
  {
    "_id": "64e7cd80-75ba-11e8-a302-d7f632c15541",
    "_type": "visualization",
    "_source": {
      "title": "各个时间段的请求总量（面积图）(alter)",
      "visState": "{\"title\":\"各个时间段的请求总量（面积图）(alter)\",\"type\":\"area\",\"params\":{\"addTooltip\":true,\"addLegend\":true,\"legendPosition\":\"right\",\"scale\":\"linear\",\"interpolate\":\"linear\",\"mode\":\"stacked\",\"times\":[],\"addTimeMarker\":false,\"defaultYExtents\":false,\"setYExtents\":false},\"aggs\":[{\"id\":\"1\",\"enabled\":true,\"type\":\"count\",\"schema\":\"metric\",\"params\":{\"customLabel\":\"请求总量\"}},{\"id\":\"2\",\"enabled\":true,\"type\":\"date_histogram\",\"schema\":\"segment\",\"params\":{\"field\":\"accessTime\",\"interval\":\"auto\",\"customInterval\":\"2h\",\"min_doc_count\":1,\"extended_bounds\":{}}}],\"listeners\":{}}",
      "uiStateJSON": "{}",
      "description": "",
      "version": 1,
      "kibanaSavedObjectMeta": {
        "searchSourceJSON": "{\"index\":\"AWRKUfXQLYiKep3spljG\",\"query\":{\"query_string\":{\"query\":\"*\",\"analyze_wildcard\":true}},\"filter\":[]}"
      }
    }
  },
  {
    "_id": "16d674b0-7845-11e8-a53d-5dd225fee8e4",
    "_type": "visualization",
    "_source": {
      "title": "节点请求类型统计",
      "visState": "{\"title\":\"节点请求类型统计\",\"type\":\"pie\",\"params\":{\"addTooltip\":true,\"addLegend\":true,\"legendPosition\":\"right\",\"isDonut\":false},\"aggs\":[{\"id\":\"1\",\"enabled\":true,\"type\":\"count\",\"schema\":\"metric\",\"params\":{}},{\"id\":\"2\",\"enabled\":true,\"type\":\"terms\",\"schema\":\"split\",\"params\":{\"field\":\"serverID.keyword\",\"size\":100,\"order\":\"desc\",\"orderBy\":\"1\",\"customLabel\":\"名称\",\"row\":false}},{\"id\":\"3\",\"enabled\":true,\"type\":\"terms\",\"schema\":\"segment\",\"params\":{\"field\":\"method.keyword\",\"size\":100,\"order\":\"desc\",\"orderBy\":\"1\"}}],\"listeners\":{}}",
      "uiStateJSON": "{}",
      "description": "",
      "version": 1,
      "kibanaSavedObjectMeta": {
        "searchSourceJSON": "{\"index\":\"AWRKUfXQLYiKep3spljG\",\"query\":{\"query_string\":{\"query\":\"*\",\"analyze_wildcard\":true}},\"filter\":[]}"
      }
    }
  },
  {
    "_id": "997b00f0-7842-11e8-a53d-5dd225fee8e4",
    "_type": "visualization",
    "_source": {
      "title": "节点响应状态统计",
      "visState": "{\"title\":\"节点响应状态统计\",\"type\":\"pie\",\"params\":{\"addTooltip\":true,\"addLegend\":true,\"legendPosition\":\"right\",\"isDonut\":false},\"aggs\":[{\"id\":\"1\",\"enabled\":true,\"type\":\"count\",\"schema\":\"metric\",\"params\":{}},{\"id\":\"2\",\"enabled\":true,\"type\":\"terms\",\"schema\":\"split\",\"params\":{\"field\":\"serverID.keyword\",\"size\":100,\"order\":\"desc\",\"orderBy\":\"1\",\"row\":false}},{\"id\":\"3\",\"enabled\":true,\"type\":\"terms\",\"schema\":\"segment\",\"params\":{\"field\":\"responseCode\",\"size\":5,\"order\":\"desc\",\"orderBy\":\"1\"}}],\"listeners\":{}}",
      "uiStateJSON": "{}",
      "description": "",
      "version": 1,
      "kibanaSavedObjectMeta": {
        "searchSourceJSON": "{\"index\":\"AWRKUfXQLYiKep3spljG\",\"query\":{\"query_string\":{\"query\":\"*\",\"analyze_wildcard\":true}},\"filter\":[]}"
      }
    }
  },
  {
    "_id": "5bcc8210-75e5-11e8-b816-f19106267284",
    "_type": "visualization",
    "_source": {
      "title": "所有请求响应状态统计",
      "visState": "{\"title\":\"所有请求响应状态统计\",\"type\":\"pie\",\"params\":{\"addTooltip\":true,\"addLegend\":true,\"legendPosition\":\"right\",\"isDonut\":true},\"aggs\":[{\"id\":\"1\",\"enabled\":true,\"type\":\"count\",\"schema\":\"metric\",\"params\":{\"customLabel\":\"数量\"}},{\"id\":\"2\",\"enabled\":true,\"type\":\"terms\",\"schema\":\"segment\",\"params\":{\"field\":\"responseCode\",\"size\":10,\"order\":\"desc\",\"orderBy\":\"1\",\"customLabel\":\"响应状态码\"}}],\"listeners\":{}}",
      "uiStateJSON": "{}",
      "description": "",
      "version": 1,
      "kibanaSavedObjectMeta": {
        "searchSourceJSON": "{\"index\":\"AWRKUfXQLYiKep3spljG\",\"query\":{\"query_string\":{\"query\":\"*\",\"analyze_wildcard\":true}},\"filter\":[]}"
      }
    }
  },
  {
    "_id": "87efd6d0-784c-11e8-b250-dbc9820bcf81",
    "_type": "visualization",
    "_source": {
      "title": "节点平均响应时间（面积图）",
      "visState": "{\"title\":\"节点平均响应时间（面积图）\",\"type\":\"area\",\"params\":{\"addTooltip\":true,\"addLegend\":true,\"legendPosition\":\"right\",\"scale\":\"linear\",\"interpolate\":\"linear\",\"mode\":\"stacked\",\"times\":[],\"addTimeMarker\":false,\"defaultYExtents\":false,\"setYExtents\":false},\"aggs\":[{\"id\":\"1\",\"enabled\":true,\"type\":\"avg\",\"schema\":\"metric\",\"params\":{\"field\":\"costTime\",\"customLabel\":\"节点平均响应时间\"}},{\"id\":\"2\",\"enabled\":true,\"type\":\"date_histogram\",\"schema\":\"segment\",\"params\":{\"field\":\"accessTime\",\"interval\":\"auto\",\"customInterval\":\"2h\",\"min_doc_count\":1,\"extended_bounds\":{}}},{\"id\":\"3\",\"enabled\":true,\"type\":\"terms\",\"schema\":\"group\",\"params\":{\"field\":\"serverID.keyword\",\"size\":5,\"order\":\"desc\",\"orderBy\":\"1\"}}],\"listeners\":{}}",
      "uiStateJSON": "{}",
      "description": "",
      "version": 1,
      "kibanaSavedObjectMeta": {
        "searchSourceJSON": "{\"index\":\"AWRKUfXQLYiKep3spljG\",\"query\":{\"query_string\":{\"query\":\"*\",\"analyze_wildcard\":true}},\"filter\":[]}"
      }
    }
  },
  {
    "_id": "e72a8c10-75f6-11e8-9240-7730bc4ce3bf",
    "_type": "visualization",
    "_source": {
      "title": "访问节点的平均响应时间",
      "visState": "{\"title\":\"访问节点的平均响应时间\",\"type\":\"histogram\",\"params\":{\"addTooltip\":true,\"addLegend\":true,\"legendPosition\":\"right\",\"scale\":\"linear\",\"mode\":\"grouped\",\"times\":[],\"addTimeMarker\":false,\"defaultYExtents\":false,\"setYExtents\":false},\"aggs\":[{\"id\":\"1\",\"enabled\":true,\"type\":\"avg\",\"schema\":\"metric\",\"params\":{\"field\":\"costTime\",\"customLabel\":\"平均响应时间（ms）\"}},{\"id\":\"2\",\"enabled\":true,\"type\":\"terms\",\"schema\":\"group\",\"params\":{\"field\":\"serverID.keyword\",\"size\":5,\"order\":\"desc\",\"orderBy\":\"1\"}}],\"listeners\":{}}",
      "uiStateJSON": "{}",
      "description": "",
      "version": 1,
      "kibanaSavedObjectMeta": {
        "searchSourceJSON": "{\"index\":\"AWRKUfXQLYiKep3spljG\",\"query\":{\"query_string\":{\"query\":\"*\",\"analyze_wildcard\":true}},\"filter\":[]}"
      }
    }
  },
  {
    "_id": "1394c520-75fe-11e8-89a4-a1eb7a14ecd5",
    "_type": "visualization",
    "_source": {
      "title": "各个时间段请求返回状态码分布",
      "visState": "{\"title\":\"各个时间段请求返回状态码分布\",\"type\":\"histogram\",\"params\":{\"addTooltip\":true,\"addLegend\":true,\"legendPosition\":\"right\",\"scale\":\"linear\",\"mode\":\"stacked\",\"times\":[],\"addTimeMarker\":false,\"defaultYExtents\":false,\"setYExtents\":false},\"aggs\":[{\"id\":\"1\",\"enabled\":true,\"type\":\"count\",\"schema\":\"metric\",\"params\":{\"customLabel\":\"请求数量\"}},{\"id\":\"2\",\"enabled\":true,\"type\":\"date_histogram\",\"schema\":\"segment\",\"params\":{\"field\":\"accessTime\",\"interval\":\"auto\",\"customInterval\":\"2h\",\"min_doc_count\":1,\"extended_bounds\":{}}},{\"id\":\"3\",\"enabled\":true,\"type\":\"terms\",\"schema\":\"group\",\"params\":{\"field\":\"responseCode\",\"size\":100,\"order\":\"desc\",\"orderBy\":\"1\"}}],\"listeners\":{}}",
      "uiStateJSON": "{}",
      "description": "",
      "version": 1,
      "kibanaSavedObjectMeta": {
        "searchSourceJSON": "{\"index\":\"AWRKUfXQLYiKep3spljG\",\"query\":{\"query_string\":{\"query\":\"*\",\"analyze_wildcard\":true}},\"filter\":[]}"
      }
    }
  },
  {
    "_id": "1b2ec3c0-75ff-11e8-ace0-7b996367ebe5",
    "_type": "visualization",
    "_source": {
      "title": "各个时间段请求总量（折线图）",
      "visState": "{\"title\":\"各个时间段请求总量（折线图）\",\"type\":\"line\",\"params\":{\"addTooltip\":true,\"addLegend\":true,\"legendPosition\":\"right\",\"showCircles\":true,\"interpolate\":\"linear\",\"scale\":\"linear\",\"drawLinesBetweenPoints\":true,\"radiusRatio\":9,\"times\":[],\"addTimeMarker\":false,\"defaultYExtents\":false,\"setYExtents\":false},\"aggs\":[{\"id\":\"1\",\"enabled\":true,\"type\":\"count\",\"schema\":\"metric\",\"params\":{\"customLabel\":\"请求数\"}},{\"id\":\"2\",\"enabled\":true,\"type\":\"date_histogram\",\"schema\":\"segment\",\"params\":{\"field\":\"accessTime\",\"interval\":\"auto\",\"customInterval\":\"2h\",\"min_doc_count\":1,\"extended_bounds\":{}}}],\"listeners\":{}}",
      "uiStateJSON": "{}",
      "description": "",
      "version": 1,
      "kibanaSavedObjectMeta": {
        "searchSourceJSON": "{\"index\":\"AWRKUfXQLYiKep3spljG\",\"query\":{\"query_string\":{\"query\":\"*\",\"analyze_wildcard\":true}},\"filter\":[]}"
      }
    }
  },
  {
    "_id": "c67d2fe0-75ba-11e8-a302-d7f632c15541",
    "_type": "visualization",
    "_source": {
      "title": "统计IP在某个时间段的点击量",
      "visState": "{\"title\":\"统计IP在某个时间段的点击量\",\"type\":\"line\",\"params\":{\"addTooltip\":true,\"addLegend\":true,\"legendPosition\":\"right\",\"showCircles\":true,\"interpolate\":\"linear\",\"scale\":\"linear\",\"drawLinesBetweenPoints\":true,\"radiusRatio\":9,\"times\":[],\"addTimeMarker\":false,\"defaultYExtents\":false,\"setYExtents\":false},\"aggs\":[{\"id\":\"1\",\"enabled\":true,\"type\":\"count\",\"schema\":\"metric\",\"params\":{}},{\"id\":\"2\",\"enabled\":true,\"type\":\"date_histogram\",\"schema\":\"segment\",\"params\":{\"field\":\"accessTime\",\"interval\":\"auto\",\"customInterval\":\"2h\",\"min_doc_count\":1,\"extended_bounds\":{}}},{\"id\":\"3\",\"enabled\":true,\"type\":\"terms\",\"schema\":\"group\",\"params\":{\"field\":\"clientIP.keyword\",\"size\":5,\"order\":\"desc\",\"orderBy\":\"1\"}}],\"listeners\":{}}",
      "uiStateJSON": "{}",
      "description": "",
      "version": 1,
      "kibanaSavedObjectMeta": {
        "searchSourceJSON": "{\"index\":\"AWRKUfXQLYiKep3spljG\",\"query\":{\"query_string\":{\"query\":\"*\",\"analyze_wildcard\":true}},\"filter\":[]}"
      }
    }
  },
  {
    "_id": "9b3010b0-75e1-11e8-b816-f19106267284",
    "_type": "visualization",
    "_source": {
      "title": "节点访问数量统计（面积图）",
      "visState": "{\"title\":\"节点访问数量统计（面积图）\",\"type\":\"area\",\"params\":{\"addLegend\":true,\"addTimeMarker\":true,\"addTooltip\":true,\"defaultYExtents\":false,\"interpolate\":\"linear\",\"legendPosition\":\"right\",\"mode\":\"stacked\",\"orderBucketsBySum\":false,\"scale\":\"linear\",\"setYExtents\":false,\"times\":[],\"yAxis\":{},\"grid\":{\"categoryLines\":false,\"style\":{\"color\":\"#eee\"}},\"categoryAxes\":[{\"id\":\"CategoryAxis-1\",\"type\":\"category\",\"position\":\"bottom\",\"show\":true,\"style\":{},\"scale\":{\"type\":\"linear\"},\"labels\":{\"show\":true,\"truncate\":100},\"title\":{}}],\"valueAxes\":[{\"id\":\"ValueAxis-1\",\"name\":\"LeftAxis-1\",\"type\":\"value\",\"position\":\"left\",\"show\":true,\"style\":{},\"scale\":{\"type\":\"linear\",\"mode\":\"normal\",\"setYExtents\":false,\"defaultYExtents\":false},\"labels\":{\"show\":true,\"rotate\":0,\"filter\":false,\"truncate\":100},\"title\":{\"text\":\"Count\"}}],\"seriesParams\":[{\"show\":\"true\",\"type\":\"area\",\"mode\":\"stacked\",\"data\":{\"label\":\"Count\",\"id\":\"1\"},\"drawLinesBetweenPoints\":true,\"showCircles\":true,\"interpolate\":\"linear\",\"valueAxis\":\"ValueAxis-1\"}],\"type\":\"area\"},\"aggs\":[{\"id\":\"1\",\"enabled\":true,\"type\":\"count\",\"schema\":\"metric\",\"params\":{\"customLabel\":\"节点访问数量统计\"}},{\"id\":\"2\",\"enabled\":true,\"type\":\"date_histogram\",\"schema\":\"segment\",\"params\":{\"field\":\"accessTime\",\"interval\":\"auto\",\"customInterval\":\"2h\",\"min_doc_count\":1,\"extended_bounds\":{}}},{\"id\":\"3\",\"enabled\":true,\"type\":\"terms\",\"schema\":\"group\",\"params\":{\"field\":\"serverID.keyword\",\"size\":100,\"order\":\"desc\",\"orderBy\":\"_term\"}}],\"listeners\":{}}",
      "uiStateJSON": "{\"vis\":{\"legendOpen\":true}}",
      "description": "",
      "version": 1,
      "kibanaSavedObjectMeta": {
        "searchSourceJSON": "{\"index\":\"AWRKUfXQLYiKep3spljG\",\"query\":{\"query_string\":{\"analyze_wildcard\":true,\"query\":\"*\"}},\"filter\":[]}"
      }
    }
  },
  {
    "_id": "94bb4d70-75ba-11e8-a302-d7f632c15541",
    "_type": "visualization",
    "_source": {
      "title": "访问请求页面TOP20",
      "visState": "{\"title\":\"访问请求页面TOP20\",\"type\":\"table\",\"params\":{\"perPage\":20,\"showPartialRows\":false,\"showMeticsAtAllLevels\":false,\"sort\":{\"columnIndex\":null,\"direction\":null},\"showTotal\":false,\"totalFunc\":\"sum\"},\"aggs\":[{\"id\":\"1\",\"enabled\":true,\"type\":\"count\",\"schema\":\"metric\",\"params\":{\"customLabel\":\"数量\"}},{\"id\":\"2\",\"enabled\":true,\"type\":\"terms\",\"schema\":\"bucket\",\"params\":{\"field\":\"requestURI.keyword\",\"size\":20,\"order\":\"desc\",\"orderBy\":\"1\",\"customLabel\":\"请求名称\"}}],\"listeners\":{}}",
      "uiStateJSON": "{\"vis\":{\"params\":{\"sort\":{\"columnIndex\":null,\"direction\":null}}}}",
      "description": "",
      "version": 1,
      "kibanaSavedObjectMeta": {
        "searchSourceJSON": "{\"index\":\"AWRKUfXQLYiKep3spljG\",\"query\":{\"query_string\":{\"query\":\"*\",\"analyze_wildcard\":true}},\"filter\":[]}"
      }
    }
  },
  {
    "_id": "62fc8630-75e4-11e8-b816-f19106267284",
    "_type": "visualization",
    "_source": {
      "title": "被访问的服务节点数",
      "visState": "{\"title\":\"被访问的服务节点数\",\"type\":\"metric\",\"params\":{\"handleNoResults\":true,\"addTooltip\":true,\"addLegend\":false,\"type\":\"gauge\",\"gauge\":{\"verticalSplit\":false,\"autoExtend\":false,\"percentageMode\":false,\"gaugeType\":\"Metric\",\"gaugeStyle\":\"Full\",\"backStyle\":\"Full\",\"orientation\":\"vertical\",\"colorSchema\":\"Green to Red\",\"gaugeColorMode\":\"None\",\"useRange\":false,\"colorsRange\":[{\"from\":0,\"to\":100}],\"invertColors\":false,\"labels\":{\"show\":false,\"color\":\"black\"},\"scale\":{\"show\":false,\"labels\":false,\"color\":\"#333\",\"width\":2},\"type\":\"simple\",\"style\":{\"fontSize\":60,\"bgColor\":false,\"labelColor\":false,\"subText\":\"\"}}},\"aggs\":[{\"id\":\"1\",\"enabled\":true,\"type\":\"cardinality\",\"schema\":\"metric\",\"params\":{\"field\":\"serverID.keyword\",\"customLabel\":\"被访问的节点数\"}}],\"listeners\":{}}",
      "uiStateJSON": "{\"vis\":{\"defaultColors\":{\"0 - 100\":\"rgb(0,104,55)\"}}}",
      "description": "",
      "version": 1,
      "kibanaSavedObjectMeta": {
        "searchSourceJSON": "{\"index\":\"AWRKUfXQLYiKep3spljG\",\"query\":{\"query_string\":{\"query\":\"*\",\"analyze_wildcard\":true}},\"filter\":[]}"
      }
    }
  },
  {
    "_id": "e4de15f0-75f4-11e8-a4b7-4fb941635fdf",
    "_type": "visualization",
    "_source": {
      "title": "当前请求总数",
      "visState": "{\"title\":\"当前请求总数\",\"type\":\"metric\",\"params\":{\"handleNoResults\":true,\"addTooltip\":true,\"addLegend\":false,\"type\":\"gauge\",\"gauge\":{\"verticalSplit\":false,\"autoExtend\":false,\"percentageMode\":false,\"gaugeType\":\"Metric\",\"gaugeStyle\":\"Full\",\"backStyle\":\"Full\",\"orientation\":\"vertical\",\"colorSchema\":\"Green to Red\",\"gaugeColorMode\":\"None\",\"useRange\":false,\"colorsRange\":[{\"from\":0,\"to\":100}],\"invertColors\":false,\"labels\":{\"show\":false,\"color\":\"black\"},\"scale\":{\"show\":false,\"labels\":false,\"color\":\"#333\",\"width\":2},\"type\":\"simple\",\"style\":{\"fontSize\":\"60\",\"bgColor\":false,\"labelColor\":false,\"subText\":\"\"}}},\"aggs\":[{\"id\":\"1\",\"enabled\":true,\"type\":\"count\",\"schema\":\"metric\",\"params\":{\"customLabel\":\"当前请求总数\"}}],\"listeners\":{}}",
      "uiStateJSON": "{\"vis\":{\"defaultColors\":{\"0 - 100\":\"rgb(0,104,55)\"}}}",
      "description": "",
      "version": 1,
      "kibanaSavedObjectMeta": {
        "searchSourceJSON": "{\"index\":\"AWRKUfXQLYiKep3spljG\",\"query\":{\"query_string\":{\"query\":\"*\",\"analyze_wildcard\":true}},\"filter\":[]}"
      }
    }
  }
]